champion,title,herotype,alttype,roles,positions,difficulty,hp,mana,move_speed,armor,magic_resist,attack_range,hp_regen,mana_regen,critical_strike,attack_damage,attack_speed,tankiness,damage_score,mobility_score,beginner_friendly,combat_control,utility_score,early_game_strength,late_game_strength,teamfight_potential,peel_potential,engage_potential
Aatrox,the Darkin Blade,Fighter,Tank,Fighter,Fighter,2,0.6,0.0,0.8571428571428571,0.6896551724137931,0.6666666666666666,0.09523809523809523,0.3,0.0,0.5,0.64,0.46933333333333344,0.613125,0.6398032236131668,0.8571428571428571,0.5,0.0,0.0,0.697471515151515,0.5767479166666667,0.5912987500000002,0.0,0.7789285714285714
Ahri,the Nine-Tailed Fox,Mage,Assassin,Mage,Mage,2,0.45,0.7886792452830189,0.6428571428571429,0.10344827586206896,0.5333333333333333,0.8095238095238095,0.25,0.16,0.5,0.36,0.5146666666666668,0.4275000000000001,0.36012821318584626,0.6428571428571429,0.5,0.0,0.0,0.46462363636363635,0.340134375,0.37508062499999995,0.0,0.5657142857142856
Akali,the Rogue Assassin,Assassin,,Assassin,Assassin,2,0.475,0.37735849056603776,0.8571428571428571,0.1724137931034483,1.0,0.0,0.9,1.0,0.5,0.72,0.4000000000000001,0.46937500000000004,0.7193479639586108,0.8571428571428571,0.5,0.0,0.0,0.6013636363636362,0.4474999999999999,0.45624999999999993,0.0,0.6967857142857143
Akshan,the Rogue Sentinel,Marksman,Assassin,Marksman,Marksman,3,0.55,0.660377358490566,0.6428571428571429,0.27586206896551724,0.5333333333333333,0.7142857142857143,0.375,0.16399999999999998,0.5,0.32,0.43466666666666676,0.5368750000000001,0.3196187886025108,0.6428571428571429,0.0,0.0,0.0,0.5398721212121216,0.4421239583333333,0.480024375,0.0,0.6282142857142856
Alistar,the Minotaur,Tank,Support,Tank,Tank,1,0.6875,0.660377358490566,0.6428571428571429,1.0,0.6666666666666666,0.0,0.85,0.17,0.5,0.72,0.4000000000000001,0.7175000000000004,0.7193479639586108,0.6428571428571429,1.0,1.0,0.0,0.7136363636363638,0.6956250000000005,0.7056250000000006,0.42857142857142866,0.7335714285714292
Ambessa,The Matriarch of War,Fighter,Assassin,Fighter,Fighter,3,0.55,0.37735849056603776,0.7142857142857143,0.5862068965517241,0.6666666666666666,0.0,0.85,1.0,0.5,0.76,0.4000000000000001,0.5575000000000002,0.7593431645345414,0.7142857142857143,0.0,0.0,0.0,0.6242424242424248,0.5429166666666668,0.5487500000000002,0.0,0.6757142857142862
Amumu,the Sad Mummy,Tank,Support,Tank,Tank,1,0.6875,0.5377358490566038,0.7142857142857143,0.5172413793103449,0.6666666666666666,0.0,0.9,0.14800000000000002,0.5,0.52,0.6960000000000001,0.6912500000000001,0.521274589906354,0.7142857142857143,1.0,1.0,0.0,0.6962624242424243,0.6332635416666668,0.657708125,0.42857142857142866,0.7542857142857143
Anivia,the Cryophoenix,Mage,Support,Mage,Mage,3,0.35,0.9339622641509434,0.5714285714285714,0.10344827586206896,0.5333333333333333,0.9047619047619048,0.55,0.16,0.5,0.28,0.48800000000000016,0.32750000000000007,0.2799664040315163,0.5714285714285714,0.0,0.0,0.0,0.3606660606060606,0.22551979166666675,0.2663118750000002,0.0,0.4728571428571429
Annie,the Dark Child,Mage,Support,Mage,Mage,1,0.375,0.7886792452830189,0.7142857142857143,0.034482758620689655,0.5333333333333333,0.9523809523809523,0.55,0.16,0.5,0.24,0.36000000000000004,0.34874999999999995,0.23914844504373783,0.7142857142857143,1.0,0.0,0.0,0.4172454545454546,0.2393281249999999,0.28309687500000014,0.0,0.5564285714285716
Aphelios,the Weapon of the Faithful,Marksman,,Marksman,Marksman,3,0.475,0.6566037735849056,0.5714285714285714,0.27586206896551724,0.5333333333333333,0.8095238095238095,0.325,0.13,0.5,0.44,0.4400000000000001,0.4618750000000001,0.4396386719307971,0.5714285714285714,0.0,0.0,0.0,0.47533030303030294,0.3890052083333336,0.41815312500000035,0.0,0.5496428571428574
Ashe,the Frost Archer,Marksman,Support,Marksman,Marksman,1,0.5,0.5283018867924528,0.5714285714285714,0.27586206896551724,0.5333333333333333,0.9047619047619048,0.35,0.14,0.5,0.6,0.48800000000000016,0.4868750000000001,0.5999280086389635,0.5714285714285714,1.0,0.0,0.0,0.5105145454545453,0.4432281249999999,0.46068687499999994,0.0,0.5639285714285714
Aurelion Sol,The Star Forger,Mage,,Mage,Mage,3,0.475,1.0,0.7142857142857143,0.13793103448275862,0.5333333333333333,0.8095238095238095,0.55,0.16,0.5,0.56,0.4000000000000001,0.45437500000000003,0.559367161654887,0.7142857142857143,0.0,0.0,0.0,0.5280303030303032,0.40333333333333315,0.4237499999999999,0.0,0.6167857142857145
Aurora,the Witch Between Worlds,Mage,Assassin,Mage,Mage,2,0.4925,0.8962264150943396,0.7142857142857143,0.1724137931034483,0.5333333333333333,0.8095238095238095,0.6,0.16,0.5,0.36,0.5146666666666668,0.47375000000000034,0.36012821318584626,0.7142857142857143,0.5,0.0,0.0,0.5209872727272732,0.3863843750000003,0.42133062500000024,0.0,0.6278571428571431
Azir,the Emperor of the Sands,Mage,Marksman,Mage,Mage,3,0.35,0.6037735849056604,0.7142857142857143,0.2413793103448276,0.5333333333333333,0.7619047619047619,0.7,0.16,0.5,0.48,0.4000000000000001,0.335,0.4793767605030253,0.7142857142857143,0.0,0.0,0.0,0.4327272727272725,0.2693749999999999,0.295625,0.0,0.5485714285714288
Bard,the Wandering Caretaker,Support,Mage,Support,Support,3,0.55,0.660377358490566,0.6428571428571429,0.5517241379310345,0.5333333333333333,0.7142857142857143,0.55,0.12,0.5,0.32,0.48800000000000016,0.551875,0.3199616046074473,0.6428571428571429,0.0,0.6666666666666664,1.0,0.5508175757575761,0.4592697916666668,0.49797854166666705,1.0,0.6382142857142862
Bel'Veth,the Empress of the Void,Fighter,,Fighter,Fighter,2,0.5,0.0,0.7857142857142857,0.4827586206896552,0.6666666666666666,0.047619047619047616,0.6,0.0,0.5,0.64,1.0,0.501875,0.6432142428622855,0.7857142857142857,0.5,0.0,0.0,0.5941969696969697,0.4661197916666665,0.48042187500000005,0.0,0.679642857142857
Blitzcrank,the Great Steam Golem,Tank,Support,Tank,Tank,1,0.475,0.5037735849056604,0.5714285714285714,0.6551724137931034,0.6666666666666666,0.0,0.75,0.17,0.5,0.72,0.4000000000000001,0.48624999999999996,0.7193479639586108,0.5714285714285714,1.0,1.0,0.0,0.5227272727272725,0.464375,0.47437500000000005,0.42857142857142866,0.5657142857142856
Brand,the Burning Vengeance,Mage,Support,Mage,Mage,2,0.4,0.8849056603773585,0.7857142857142857,0.3103448275862069,0.5333333333333333,0.8095238095238095,0.55,0.18,0.5,0.52,0.5493333333333336,0.38875,0.5203318458927789,0.7857142857142857,0.5,0.0,0.0,0.49888969696969704,0.3305916666666666,0.3538550000000001,0.0,0.6150000000000003
Braum,the Heart of the Freljord,Tank,Support,Tank,Tank,2,0.5,0.5867924528301887,0.7142857142857143,1.0,0.6666666666666666,0.0,0.85,0.14,0.5,0.44,0.45066666666666677,0.5300000000000004,0.4397072351317842,0.7142857142857143,0.5,1.0,0.0,0.570337575757576,0.4571427083333336,0.48753562500000064,0.42857142857142866,0.6621428571428577
Briar,the Restrained Hunger,Fighter,Assassin,Fighter,Fighter,2,0.5375,0.0,0.7857142857142857,0.41379310344827586,0.6666666666666666,0.0,0.0,0.0,0.5,0.64,0.45066666666666677,0.5356250000000002,0.6396832380114387,0.7857142857142857,0.5,0.0,0.0,0.6183678787878789,0.49922604166666656,0.5137856250000001,0.0,0.6989285714285716
Caitlyn,the Sheriff of Piltover,Marksman,,Marksman,Marksman,1,0.425,0.5943396226415094,0.5714285714285714,0.3103448275862069,0.5333333333333333,1.0,0.35,0.14800000000000002,0.5,0.64,0.5493333333333336,0.41375,0.6403174476205716,0.5714285714285714,1.0,0.0,0.0,0.4616169696969696,0.37746666666666634,0.39198000000000005,0.0,0.522142857142857
Camille,the Steel Shadow,Fighter,Assassin,Fighter,Fighter,3,0.6,0.6396226415094339,0.7857142857142857,0.5862068965517241,0.6666666666666666,0.0,0.85,0.163,0.5,0.96,0.45066666666666677,0.6075000000000003,0.9596448426188854,0.7857142857142857,0.0,0.0,0.0,0.7045800000000001,0.629434375,0.6206606250000001,0.0,0.7400000000000003
Cassiopeia,the Serpent's Embrace,Mage,,Mage,Mage,3,0.55,0.7547169811320755,0.6142857142857143,0.0,0.6666666666666666,0.8095238095238095,0.55,0.16,0.5,0.36,0.4586666666666668,0.525625,0.35976825638066273,0.6142857142857143,0.0,0.0,0.0,0.5268581818181816,0.43819374999999977,0.47316625000000007,0.0,0.6075000000000005
Cho'Gath,the Terror of the Void,Tank,Mage,Tank,Tank,1,0.585,0.5094339622641509,0.8571428571428571,0.6896551724137931,0.6666666666666666,0.0,0.9,0.14400000000000002,0.5,1.0,0.4000000000000001,0.5981250000000002,0.9993143679901269,0.8571428571428571,1.0,1.0,0.0,0.7246969696969697,0.6272916666666666,0.6168750000000002,0.42857142857142866,0.7725000000000002
Corki,the Daring Bombardier,Marksman,Mage,Marksman,Marksman,2,0.5,0.660377358490566,0.5714285714285714,0.41379310344827586,0.5333333333333333,0.8095238095238095,0.55,0.14800000000000002,0.5,0.32,0.45066666666666677,0.49437500000000006,0.3197216334039915,0.5714285714285714,0.5,0.0,0.0,0.4862466666666667,0.3996427083333332,0.4375356249999999,0.0,0.5682142857142859
Darius,the Hand of Noxus,Fighter,Tank,Fighter,Fighter,2,0.605,0.4962264150943396,0.7857142857142857,0.7241379310344828,0.6666666666666666,0.09523809523809523,1.0,0.132,0.5,0.8,0.4000000000000001,0.6200000000000002,0.7993383651104724,0.7857142857142857,0.5,0.0,0.0,0.6966666666666668,0.6127083333333334,0.6156250000000004,0.0,0.7471428571428576
Diana,Scorn of the Moon,Fighter,Assassin,Fighter,Fighter,1,0.575,0.7075471698113207,0.8571428571428571,0.4482758620689655,0.6666666666666666,0.047619047619047616,0.65,0.16,0.5,0.52,0.4000000000000001,0.5750000000000003,0.5193719610789563,0.8571428571428571,1.0,0.0,0.0,0.656969696969697,0.516666666666667,0.5400000000000005,0.0,0.7571428571428577
Dr. Mundo,the Madman of Zaun,Tank,Fighter,Tank,Tank,1,0.575,0.0,0.8571428571428571,0.4827586206896552,0.4666666666666667,0.0,0.7,0.0,0.5,0.68,0.5200000000000001,0.5712500000000001,0.680124099393787,0.8571428571428571,1.0,1.0,0.0,0.6712939393939396,0.5422239583333334,0.5550843750000003,0.42857142857142866,0.7571428571428577
Draven,the Glorious Executioner,Marksman,,Marksman,Marksman,2,0.6625,0.6811320754716981,0.6428571428571429,0.3793103448275862,0.5333333333333333,0.8095238095238095,0.375,0.161,0.5,0.72,0.5440000000000002,0.655,0.7202735671719394,0.6428571428571429,0.5,0.0,0.0,0.66828,0.6332937499999999,0.6419762499999998,0.0,0.6957142857142857
Ekko,the Boy Who Shattered Time,Assassin,Mage,Assassin,Assassin,3,0.6125,0.5283018867924528,0.7857142857142857,0.4827586206896552,0.6666666666666666,0.0,0.9,0.14,0.5,0.56,0.568,0.6143750000000003,0.5604470320704372,0.7857142857142857,0.0,0.0,0.0,0.667235757575758,0.5635302083333337,0.5838681250000003,0.0,0.7439285714285717
Elise,the Spider Queen,Assassin,Mage,Assassin,Assassin,2,0.525,0.6113207547169811,0.6428571428571429,0.41379310344827586,0.5333333333333333,0.8095238095238095,0.55,0.12,0.5,0.44,0.4000000000000001,0.519375,0.43938155992709466,0.6428571428571429,0.5,0.0,0.0,0.5398484848484846,0.4464583333333333,0.47562500000000013,0.0,0.6182142857142856
Evelynn,Agony's Embrace,Assassin,Mage,Assassin,Assassin,2,0.58,0.5943396226415094,0.7142857142857143,0.6551724137931034,0.6666666666666666,0.0,0.85,0.16219999999999998,0.5,0.68,0.5120000000000001,0.5912500000000004,0.6800726769930464,0.7142857142857143,0.5,0.0,0.0,0.6403793939393942,0.5622145833333335,0.5738287500000004,0.0,0.6950000000000002
Ezreal,the Prodigal Explorer,Marksman,Mage,Marksman,Marksman,1,0.475,0.7075471698113207,0.5714285714285714,0.20689655172413793,0.5333333333333333,0.8095238095238095,0.4,0.17,0.5,0.64,0.4000000000000001,0.45812499999999995,0.639357562806749,0.5714285714285714,1.0,0.0,0.0,0.49378787878787905,0.4216666666666667,0.4362500000000001,0.0,0.5475000000000002
Fiddlesticks,the Ancient Fear,Mage,Support,Mage,Mage,2,0.6,0.9433962264150944,0.7142857142857143,0.5517241379310345,0.5333333333333333,0.6761904761904762,0.55,0.16,0.5,0.44,0.4000000000000001,0.601875,0.43938155992709466,0.7142857142857143,0.5,0.0,0.0,0.6225757575757574,0.5289583333333332,0.558125,0.0,0.7010714285714288
Fiora,the Grand Duelist,Fighter,Assassin,Fighter,Fighter,2,0.525,0.5660377358490566,0.8571428571428571,0.5172413793103449,0.6666666666666666,0.047619047619047616,0.85,0.16,0.5,0.88,0.5733333333333333,0.52875,0.880442918278378,0.8571428571428571,0.5,0.0,0.0,0.6616333333333332,0.5362447916666665,0.5332468750000001,0.0,0.7307142857142859
Fizz,the Tidal Trickster,Assassin,Fighter,Assassin,Assassin,2,0.575,0.5981132075471698,0.7142857142857143,0.13793103448275862,0.6666666666666666,0.09523809523809523,0.8,0.12,0.5,0.56,0.48800000000000016,0.5581250000000003,0.5599328080630324,0.7142857142857143,0.5,0.0,0.0,0.603544848484849,0.5071864583333338,0.5275618750000004,0.0,0.6760714285714287
Galio,the Colossus,Tank,Mage,Tank,Tank,2,0.475,0.7735849056603774,0.7857142857142857,0.20689655172413793,0.6666666666666666,0.047619047619047616,0.8,0.19,0.5,0.6,0.4000000000000001,0.4618750000000001,0.5993623622308181,0.7857142857142857,0.5,1.0,0.0,0.5604545454545454,0.41812499999999997,0.4368750000000004,0.42857142857142866,0.6589285714285719
Gangplank,the Saltwater Scourge,Fighter,,Fighter,Fighter,3,0.55,0.5283018867924528,0.8571428571428571,0.4482758620689655,0.6666666666666666,0.0,0.6,0.16,0.5,0.8,0.48800000000000016,0.5500000000000003,0.7999040115186179,0.8571428571428571,0.0,0.0,0.0,0.6685448484848485,0.5428114583333336,0.5456868750000002,0.0,0.7428571428571431
Garen,The Might of Demacia,Fighter,Tank,Fighter,Fighter,1,0.7,0.0,0.7857142857142857,0.6896551724137931,0.6666666666666666,0.09523809523809523,0.8,0.0,0.5,1.0,0.4000000000000001,0.7131250000000001,0.9993143679901269,0.7857142857142857,1.0,0.0,0.0,0.7856060606060609,0.7422916666666668,0.7306250000000001,0.0,0.8003571428571431
Gnar,the Missing Link,Fighter,Tank,Fighter,Fighter,3,0.325,0.18867924528301888,0.7142857142857143,0.4827586206896552,0.5333333333333333,0.5238095238095238,0.45,0.0,0.5,0.64,0.4000000000000001,0.323125,0.639357562806749,0.7142857142857143,0.0,0.0,0.0,0.44106060606060604,0.28666666666666657,0.30124999999999996,0.0,0.5417857142857146
Mega Gnar,the Missing Link,Fighter,Tank,Fighter,Fighter,2,0.575,0.18867924528301888,0.7142857142857143,0.603448275862069,0.7666666666666667,0.09523809523809523,0.45,0.0,0.5,0.88,0.4000000000000001,0.58625,0.8793287662623341,0.7142857142857143,0.5,0.0,0.0,0.657878787878788,0.5935416666666664,0.5906249999999997,0.0,0.6921428571428573
Gragas,the Rabble Rouser,Fighter,Mage,Fighter,Fighter,2,0.575,0.7547169811320755,0.6428571428571429,0.6896551724137931,0.6666666666666666,0.0,0.55,0.12,0.5,0.8,0.5333333333333335,0.5881250000000001,0.8001954051228138,0.6428571428571429,0.5,0.0,0.0,0.6281212121212122,0.5809895833333333,0.58384375,0.0,0.6575000000000002
Graves,the Outlaw,Marksman,,Marksman,Marksman,2,0.5375,0.6132075471698113,0.7857142857142857,0.5172413793103449,0.6666666666666666,0.5714285714285714,0.8,0.16,0.5,0.96,0.0,0.54125,0.9567480473771716,0.7857142857142857,0.5,0.0,0.0,0.6560909090909093,0.5626562500000001,0.5540937499999999,0.0,0.7021428571428574
Gwen,The Hallowed Seamstress,Fighter,Assassin,Fighter,Fighter,2,0.525,0.6226415094339622,0.7857142857142857,0.7241379310344828,0.6666666666666666,0.047619047619047616,0.9,0.15,0.5,0.76,0.5733333333333333,0.5400000000000001,0.7604573165505852,0.7857142857142857,0.5,0.0,0.0,0.6343606060606066,0.5256197916666667,0.531371875,0.0,0.7014285714285718
Hecarim,the Shadow of War,Fighter,Tank,Fighter,Fighter,2,0.5375,0.5283018867924528,0.8571428571428571,0.4827586206896552,0.6666666666666666,0.09523809523809523,0.7,0.14,0.5,0.88,0.5200000000000001,0.5393750000000004,0.8801001022734414,0.8571428571428571,0.5,0.0,0.0,0.6693242424242427,0.5468072916666666,0.5438343750000002,0.0,0.7367857142857145
Heimerdinger,the Revered Inventor,Mage,Support,Mage,Mage,2,0.37,0.7264150943396226,0.7857142857142857,0.034482758620689655,0.5333333333333333,0.8095238095238095,0.7,0.16,0.5,0.48,0.48800000000000016,0.34375000000000006,0.47994240691117074,0.7857142857142857,0.5,0.0,0.0,0.46187818181818197,0.2782281250000001,0.30443687500000016,0.0,0.5892857142857146
Hwei,the Visionary,Mage,Support,Mage,Mage,3,0.425,0.9056603773584906,0.6428571428571429,0.10344827586206896,0.5333333333333333,0.8095238095238095,0.55,0.15,0.5,0.4,0.5733333333333333,0.4025000000000001,0.40050051136720743,0.6428571428571429,0.0,0.0,0.0,0.45072424242424236,0.32249479166666667,0.3544968750000001,0.0,0.5514285714285716
Illaoi,the Kraken Priestess,Fighter,Tank,Fighter,Fighter,2,0.615,0.660377358490566,0.9285714285714286,0.5862068965517241,0.6666666666666666,0.0,0.95,0.15,0.5,0.84,0.4000000000000001,0.6225000000000004,0.8393335656864035,0.9285714285714286,0.5,0.0,0.0,0.7481818181818188,0.6225000000000004,0.6225000000000004,0.0,0.8200000000000002
Irelia,the Blade Dancer,Fighter,Assassin,Fighter,Fighter,2,0.55,0.660377358490566,0.7142857142857143,0.6206896551724138,0.5333333333333333,0.14285714285714285,0.6,0.16,0.5,0.84,0.4826666666666668,0.5556250000000001,0.8398649304940553,0.7142857142857143,0.5,0.0,0.0,0.6314200000000003,0.5557218750000001,0.5556831250000003,0.0,0.6746428571428575
Ivern,the Green Father,Support,Mage,Support,Support,3,0.55,0.8490566037735849,0.6428571428571429,0.3103448275862069,0.5333333333333333,0.6666666666666666,0.7,0.12,0.5,0.24,0.45066666666666677,0.5387500000000002,0.23973123225212983,0.6428571428571429,0.0,0.6666666666666664,1.0,0.5327618181818181,0.4315177083333335,0.47607729166666707,1.0,0.6307142857142864
Janna,the Storm's Fury,Support,Mage,Support,Support,1,0.4,0.6792452830188679,0.5714285714285714,0.3448275862068966,0.5333333333333333,0.8095238095238095,0.55,0.23,0.5,0.12,0.4000000000000001,0.39062500000000006,0.11941995531964752,0.5714285714285714,1.0,0.6666666666666664,1.0,0.38954545454545486,0.2614583333333336,0.314791666666667,1.0,0.5103571428571433
Jarvan IV,the Exemplar of Demacia,Fighter,Tank,Fighter,Fighter,1,0.575,0.5660377358490566,0.7857142857142857,0.6206896551724138,0.6666666666666666,0.09523809523809523,0.8,0.13,0.5,0.8,0.48800000000000016,0.5843750000000003,0.7999040115186179,0.7857142857142857,1.0,0.0,0.0,0.6708175757575758,0.5771864583333335,0.5800618750000001,0.0,0.7267857142857145
Jax,Grandmaster at Arms,Fighter,Assassin,Fighter,Fighter,1,0.6375,0.6396226415094339,0.9285714285714286,0.6206896551724138,0.6666666666666666,0.0,0.85,0.16399999999999998,0.5,0.96,0.43466666666666676,0.6468750000000003,0.9595419978174047,0.9285714285714286,1.0,0.0,0.0,0.7786600000000004,0.668790625,0.6600243750000001,0.0,0.8339285714285717
Jayce,the Defender of Tomorrow,Marksman,Fighter,Marksman,Marksman,2,0.45,0.7075471698113207,0.7142857142857143,0.13793103448275862,0.5333333333333333,0.0,0.6,0.12,0.5,0.6,0.48800000000000016,0.429375,0.5999280086389635,0.7142857142857143,0.5,0.0,0.0,0.5141509090909091,0.3857281249999998,0.4031868749999998,0.0,0.6024999999999999
Jhin,the Virtuoso,Marksman,Mage,Marksman,Marksman,2,0.6125,0.5660377358490566,0.6428571428571429,0.20689655172413793,0.5333333333333333,0.8095238095238095,0.375,0.12,0.5,0.6,0.4000000000000001,0.595625,0.5993623622308181,0.6428571428571429,0.5,0.0,0.0,0.6122727272727275,0.5518749999999998,0.5693750000000002,0.0,0.6617857142857142
Jinx,the Loose Cannon,Marksman,,Marksman,Marksman,2,0.55,0.49056603773584906,0.5714285714285714,0.27586206896551724,0.5333333333333333,0.7619047619047619,0.375,0.134,0.5,0.6,0.4000000000000001,0.5368750000000001,0.5993623622308181,0.5714285714285714,0.5,0.0,0.0,0.5468181818181821,0.49312499999999987,0.5106250000000002,0.0,0.5924999999999999
K'Sante,the Pride of Nazumah,Tank,Fighter,Tank,Tank,3,0.5375,0.6037735849056604,0.6428571428571429,0.6206896551724138,0.5333333333333333,0.047619047619047616,0.95,0.14,0.5,0.8,0.568,0.5431250000000001,0.8004182355260228,0.6428571428571429,0.0,1.0,0.0,0.595417575757576,0.5360302083333331,0.5401181250000001,0.42857142857142866,0.6339285714285717
Kai'Sa,Daughter of the Void,Marksman,Mage,Marksman,Marksman,2,0.575,0.6509433962264151,0.7142857142857143,0.2413793103448276,0.5333333333333333,0.7619047619047619,0.35,0.16399999999999998,0.5,0.6,0.45066666666666677,0.56,0.5996880374355076,0.7142857142857143,0.5,0.0,0.0,0.6091254545454549,0.5163093750000001,0.533785625,0.0,0.6771428571428573
Kalista,the Spear of Vengeance,Marksman,,Marksman,Marksman,3,0.475,0.5660377358490566,0.6428571428571429,0.20689655172413793,0.5333333333333333,0.7619047619047619,0.4,0.126,0.5,0.6,0.584,0.45812499999999995,0.600545077447849,0.6428571428571429,0.0,0.0,0.0,0.5123981818181819,0.4145906249999999,0.4320043750000001,0.0,0.5832142857142859
Karma,the Enlightened One,Mage,Support,Mage,Mage,1,0.55,0.7056603773584905,0.7142857142857143,0.3448275862068966,0.5333333333333333,0.7619047619047619,0.55,0.26,0.5,0.28,0.4000000000000001,0.5406249999999999,0.2794007576233709,0.7142857142857143,1.0,0.0,0.0,0.5610606060606064,0.43854166666666644,0.47937499999999994,0.0,0.6660714285714286
Karthus,the Deathsinger,Mage,,Mage,Mage,2,0.525,0.8811320754716981,0.7142857142857143,0.10344827586206896,0.5333333333333333,0.6190476190476191,0.65,0.16,0.5,0.08,0.4000000000000001,0.5025000000000002,0.07942475474371648,0.7142857142857143,0.5,0.0,0.0,0.5121212121212121,0.3639583333333331,0.41937500000000005,0.0,0.6442857142857144
Kassadin,the Void Walker,Assassin,Mage,Assassin,Assassin,2,0.59,0.7547169811320755,0.7142857142857143,0.034482758620689655,0.5333333333333333,0.047619047619047616,0.6,0.12,0.5,0.6,0.4400000000000001,0.5637500000000002,0.5996194742345204,0.7142857142857143,0.5,0.0,0.0,0.6118454545454548,0.5200468750000001,0.5375281250000001,0.0,0.6792857142857145
Katarina,the Sinister Blade,Assassin,Mage,Assassin,Assassin,2,0.655,0.0,0.7142857142857143,0.3448275862068966,0.6666666666666666,0.0,0.75,0.0,0.5,0.56,0.48800000000000016,0.6493750000000001,0.5599328080630324,0.7142857142857143,0.5,0.0,0.0,0.6699084848484853,0.5984364583333337,0.6188118750000003,0.0,0.7282142857142861
Kayle,the Righteous,Mage,Marksman,Mage,Mage,2,0.65,0.6226415094339622,0.7142857142857143,0.27586206896551724,0.0,0.09523809523809523,0.5,0.16,0.5,0.24,0.4000000000000001,0.6218750000000003,0.23940555704744026,0.7142857142857143,0.5,0.0,0.0,0.6159090909090913,0.5125000000000003,0.5562500000000005,0.0,0.7125000000000005
Kayn,the Shadow Reaper,Fighter,Assassin,Fighter,Fighter,2,0.6125,0.7735849056603774,0.7857142857142857,0.6896551724137931,0.6666666666666666,0.09523809523809523,0.8,0.23,0.5,0.96,0.5173333333333335,0.6256250000000001,0.9600733626250562,0.7857142857142857,0.5,0.0,0.0,0.7178072727272726,0.6476374999999996,0.6388324999999999,0.0,0.750357142857143
Kennen,the Heart of the Tempest,Mage,Marksman,Mage,Mage,2,0.425,0.37735849056603776,0.7142857142857143,0.3793103448275862,0.5333333333333333,0.8095238095238095,0.55,1.0,0.5,0.16,0.4000000000000001,0.4175,0.15941515589557817,0.7142857142857143,0.5,0.0,0.0,0.458787878787879,0.29354166666666653,0.34312500000000007,0.0,0.5957142857142858
Kha'Zix,the Voidreaver,Assassin,,Assassin,Assassin,2,0.5825,0.6169811320754717,0.9285714285714286,0.4827586206896552,0.6666666666666666,0.0,0.75,0.1518,0.5,0.64,0.5146666666666668,0.5843750000000003,0.6400946172173628,0.9285714285714286,0.5,0.0,0.0,0.6993206060606063,0.5480510416666667,0.5625806250000003,0.0,0.7982142857142859
Kindred,The Eternal Hunters,Marksman,,Marksman,Marksman,3,0.4625,0.5660377358490566,0.5714285714285714,0.3793103448275862,0.5333333333333333,0.7142857142857143,0.7,0.14,0.5,0.84,0.4000000000000001,0.45499999999999996,0.8393335656864035,0.5714285714285714,0.0,0.0,0.0,0.512727272727273,0.4549999999999999,0.4549999999999999,0.0,0.5457142857142855
Kled,the Cantankerous Cavalier,Fighter,Tank,Fighter,Fighter,2,0.0,0.18867924528301888,0.0,0.5862068965517241,0.4,0.23809523809523808,0.6,0.0,0.5,0.84,0.4000000000000001,0.0,0.8393335656864035,0.0,0.5,0.0,0.0,0.0,0.0,0.0,0.0,0.0
Kled & Skaarl,the Cantankerous Cavaliers,Fighter,Tank,Fighter,Fighter,2,1.0,0.18867924528301888,0.8571428571428571,0.5862068965517241,0.4,0.0,0.6,0.0,0.5,0.84,0.4000000000000001,1.0,0.8393335656864035,0.8571428571428571,0.5,0.0,0.0,1.0,1.0,1.0,0.0,1.0
Kog'Maw,the Mouth of the Abyss,Marksman,Mage,Marksman,Marksman,2,0.5625,0.6132075471698113,0.6428571428571429,0.20689655172413793,0.5333333333333333,0.7142857142857143,0.375,0.175,0.5,0.68,0.5066666666666668,0.545625,0.6800383953925528,0.6428571428571429,0.5,0.0,0.0,0.5844666666666667,0.5165833333333331,0.5281999999999999,0.0,0.6332142857142856
LeBlanc,the Deceiver,Assassin,Mage,Assassin,Assassin,2,0.47,0.7547169811320755,0.7857142857142857,0.13793103448275862,0.5333333333333333,0.7619047619047619,0.75,0.16,0.5,0.44,0.48800000000000016,0.44937500000000014,0.4399472063352401,0.7857142857142857,0.5,0.0,0.0,0.5344539393939395,0.3765614583333335,0.4056868749999999,0.0,0.6496428571428574
Lee Sin,the Blind Monk,Fighter,Assassin,Fighter,Fighter,2,0.5875,0.37735849056603776,0.8571428571428571,0.6206896551724138,0.6666666666666666,0.0,0.75,1.0,0.5,1.0,0.46933333333333344,0.5968750000000003,0.9997600287965446,0.8571428571428571,0.5,0.0,0.0,0.7238351515151519,0.6261229166666669,0.6144237500000005,0.0,0.7696428571428574
Leona,the Radiant Dawn,Tank,Support,Tank,Tank,1,0.59,0.569811320754717,0.7142857142857143,0.8620689655172413,0.6666666666666666,0.0,0.85,0.12,0.5,0.64,0.4000000000000001,0.6125000000000003,0.639357562806749,0.7142857142857143,1.0,1.0,0.0,0.6515151515151518,0.576041666666667,0.5918750000000004,0.42857142857142866,0.7092857142857146
Lillia,the Bashful Bloom,Fighter,Mage,Fighter,Fighter,3,0.4875,0.7735849056603774,0.6428571428571429,0.13793103448275862,0.6666666666666666,0.38095238095238093,0.25,0.23,0.5,0.68,0.4000000000000001,0.47062499999999996,0.6793527633826797,0.6428571428571429,0.0,0.0,0.0,0.529848484848485,0.4414583333333331,0.45312499999999983,0.0,0.5903571428571427
Lissandra,the Ice Witch,Mage,,Mage,Mage,2,0.525,0.8962264150943396,0.5714285714285714,0.13793103448275862,0.5333333333333333,0.8095238095238095,0.7,0.16,0.5,0.44,0.4826666666666668,0.5043750000000002,0.4399129247347465,0.5714285714285714,0.5,0.0,0.0,0.5062684848484849,0.4315552083333333,0.4606831250000002,0.0,0.5739285714285715
Lucian,the Purifier,Marksman,Assassin,Marksman,Marksman,2,0.5775,0.6037735849056604,0.7142857142857143,0.3448275862068966,0.5333333333333333,0.7142857142857143,0.375,0.14,0.5,0.64,0.43466666666666676,0.5681250000000001,0.639580393209958,0.7142857142857143,0.5,0.0,0.0,0.6192660606060607,0.5317072916666669,0.5462743750000002,0.0,0.6817857142857142
Lulu,the Fae Sorceress,Support,Mage,Support,Support,2,0.4625,0.660377358490566,0.6428571428571429,0.27586206896551724,0.5333333333333333,0.8095238095238095,0.6,0.22,0.5,0.12,0.4000000000000001,0.44937500000000014,0.11941995531964752,0.6428571428571429,0.5,0.6666666666666664,1.0,0.45500000000000024,0.32020833333333354,0.37354166666666694,1.0,0.5796428571428576
Lux,the Lady of Luminosity,Mage,Support,Mage,Mage,1,0.425,0.9056603773584906,0.6428571428571429,0.10344827586206896,0.5333333333333333,0.8095238095238095,0.55,0.14,0.5,0.4,0.5173333333333335,0.4025000000000001,0.4001405545620239,0.6428571428571429,1.0,0.0,0.0,0.4506860606060605,0.32242916666666654,0.35445750000000004,0.0,0.5514285714285716
Malphite,Shard of the Monolith,Tank,Mage,Tank,Tank,1,0.6375,0.5283018867924528,0.7142857142857143,0.6551724137931034,0.4,0.0,0.7,0.146,0.5,0.72,0.6960000000000001,0.6412500000000001,0.7212505927860084,0.7142857142857143,1.0,1.0,0.0,0.6811109090909092,0.619721875,0.6295831250000001,0.42857142857142866,0.7257142857142859
Malzahar,the Prophet of the Void,Mage,Assassin,Mage,Mage,1,0.425,0.7075471698113207,0.7142857142857143,0.0,0.5333333333333333,0.7142857142857143,0.6,0.16,0.5,0.44,0.4000000000000001,0.3968750000000001,0.43938155992709466,0.7142857142857143,1.0,0.0,0.0,0.47348484848484823,0.32395833333333335,0.3531250000000002,0.0,0.5839285714285716
Maokai,the Twisted Treant,Tank,Support,Tank,Tank,1,0.6375,0.7075471698113207,0.7142857142857143,0.5862068965517241,0.6666666666666666,0.0,0.5,0.12,0.5,0.8,0.8666666666666668,0.6450000000000002,0.8023380051536674,0.7142857142857143,1.0,1.0,0.0,0.6924393939393941,0.6382552083333333,0.6422031250000002,0.42857142857142866,0.7278571428571431
Master Yi,the Wuju Bladesman,Assassin,Fighter,Assassin,Assassin,1,0.6475,0.47358490566037736,1.0,0.5172413793103449,0.6666666666666666,0.09523809523809523,0.75,0.145,0.5,0.84,0.5440000000000002,0.6512500000000002,0.8402591688997321,1.0,1.0,0.0,0.0,0.791916363636364,0.6514187500000003,0.6513512500000005,0.0,0.8721428571428577
Mel,the Soul's Reflection,Mage,Support,Mage,Mage,2,0.475,0.9056603773584906,0.6428571428571429,0.10344827586206896,0.5333333333333333,0.8095238095238095,0.6,0.18,0.5,0.4,0.4000000000000001,0.4525000000000001,0.3993863593511636,0.6428571428571429,0.5,0.0,0.0,0.486969696969697,0.37229166666666685,0.40437500000000004,0.0,0.5800000000000001
Milio,The Gentle Flame,Support,Mage,Support,Support,1,0.375,0.6886792452830188,0.6428571428571429,0.27586206896551724,0.5333333333333333,0.7619047619047619,0.5,0.23,0.5,0.16,0.4000000000000001,0.3618750000000001,0.15941515589557817,0.6428571428571429,1.0,0.6666666666666664,1.0,0.39560606060606057,0.24,0.290416666666667,1.0,0.5296428571428573
Miss Fortune,the Bounty Hunter,Marksman,Mage,Marksman,Marksman,1,0.575,0.5660377358490566,0.5714285714285714,0.2413793103448276,0.5333333333333333,0.8095238095238095,0.375,0.16,0.5,0.36,0.4826666666666668,0.56,0.3599225235828844,0.5714285714285714,1.0,0.0,0.0,0.5382381818181821,0.47259687499999997,0.5075581250000002,0.0,0.6057142857142858
Mordekaiser,the Iron Revenant,Fighter,Mage,Fighter,Fighter,2,0.5875,0.0,0.7142857142857143,0.6551724137931034,0.6666666666666666,0.09523809523809523,0.5,0.0,0.5,0.68,0.4000000000000001,0.5987500000000003,0.6793527633826797,0.7142857142857143,0.5,0.0,0.0,0.6457575757575761,0.5695833333333336,0.5812500000000003,0.0,0.6992857142857146
Morgana,the Fallen,Mage,Support,Mage,Mage,1,0.55,0.6415094339622641,0.7142857142857143,0.2413793103448276,0.5333333333333333,0.6190476190476191,0.55,0.22,0.5,0.48,0.4000000000000001,0.535,0.4793767605030253,0.7142857142857143,1.0,0.0,0.0,0.5781818181818184,0.4693749999999999,0.495625,0.0,0.6628571428571428
Naafiri,the Hound of a Hundred Bites,Assassin,Fighter,Assassin,Assassin,1,0.5625,0.7547169811320755,0.7857142857142857,0.41379310344827586,0.6666666666666666,0.0,0.9,0.15,0.5,0.44,0.5013333333333335,0.5606250000000002,0.44003291033647424,0.7857142857142857,1.0,0.0,0.0,0.6153721212121217,0.4878270833333335,0.51694625,0.0,0.713214285714286
Nami,the Tidecaller,Support,Mage,Support,Support,2,0.375,0.6886792452830188,0.7142857142857143,0.3793103448275862,0.5333333333333333,0.8095238095238095,0.55,0.23,0.5,0.4,0.45066666666666677,0.36749999999999994,0.3997120345558532,0.7142857142857143,0.5,0.6666666666666664,1.0,0.44791333333333333,0.289434375,0.3223272916666668,1.0,0.568571428571429
Nasus,the Curator of the Sands,Fighter,Tank,Fighter,Fighter,1,0.5525,0.6150943396226415,0.9285714285714286,0.5517241379310345,0.6666666666666666,0.0,0.9,0.149,0.5,0.92,0.43466666666666676,0.5581250000000003,0.919546797241474,0.9285714285714286,1.0,0.0,0.0,0.7098721212121216,0.5727489583333336,0.5668993750000004,0.0,0.7832142857142859
Nautilus,the Titan of the Depths,Tank,Support,Tank,Tank,2,0.59,0.7547169811320755,0.5714285714285714,0.7241379310344828,0.6666666666666666,0.09523809523809523,0.85,0.17300000000000001,0.5,0.68,0.616,0.6050000000000003,0.6807411682026726,0.5714285714285714,0.5,1.0,0.0,0.6049957575757579,0.5760864583333336,0.5889018750000002,0.42857142857142866,0.6335714285714287
Neeko,the Curious Chameleon,Mage,Support,Mage,Mage,1,0.5,0.8490566037735849,0.7857142857142857,0.10344827586206896,0.5333333333333333,0.8095238095238095,0.75,0.14,0.5,0.16,0.4000000000000001,0.47750000000000015,0.15941515589557817,0.7857142857142857,1.0,0.0,0.0,0.5251515151515154,0.35354166666666675,0.4031250000000003,0.0,0.665714285714286
Nidalee,the Bestial Huntress,Assassin,Mage,Assassin,Assassin,2,0.5,0.5566037735849056,0.7142857142857143,0.4827586206896552,0.5333333333333333,0.7619047619047619,0.6,0.12,0.5,0.56,0.43466666666666676,0.4981250000000002,0.5595899920580959,0.7142857142857143,0.5,0.0,0.0,0.5598721212121215,0.4471239583333335,0.4675243750000001,0.0,0.6417857142857146
Nilah,the Joy Unbound,Fighter,Assassin,Fighter,Fighter,3,0.4,0.660377358490566,0.7857142857142857,0.3103448275862069,0.6666666666666666,0.19047619047619047,0.6,0.16399999999999998,0.5,0.56,0.592,0.39249999999999996,0.5606012992726586,0.7857142857142857,0.0,0.0,0.0,0.5058884848484848,0.34168333333333323,0.36200999999999983,0.0,0.617142857142857
Nocturne,the Eternal Nightmare,Fighter,Assassin,Fighter,Fighter,1,0.6125,0.5188679245283019,0.8571428571428571,0.6896551724137931,0.6666666666666666,0.0,0.7,0.14,0.5,0.72,0.656,0.6256250000000001,0.7209934807823061,0.8571428571428571,1.0,0.0,0.0,0.7151745454545456,0.6040499999999999,0.61268,0.0,0.7860714285714286
Nunu & Willump,the Boy and His Yeti,Tank,Mage,Tank,Tank,1,0.5,0.5283018867924528,0.8571428571428571,0.3793103448275862,0.6666666666666666,0.0,0.5,0.14,0.5,0.68,0.4000000000000001,0.49625000000000014,0.6793527633826797,0.8571428571428571,1.0,1.0,0.0,0.6166666666666668,0.4670833333333332,0.48,0.42857142857142866,0.7142857142857146
Olaf,the Berserker,Fighter,Tank,Fighter,Fighter,1,0.5875,0.5962264150943396,0.9285714285714286,0.5862068965517241,0.6666666666666666,0.0,0.65,0.15,0.5,0.96,0.584,0.5950000000000002,0.9605018826312268,0.9285714285714286,1.0,0.0,0.0,0.7410345454545456,0.6170906250000002,0.6082543750000003,0.0,0.8042857142857146
Orianna,the Lady of Clockwork,Mage,Support,Mage,Mage,2,0.4375,0.7886792452830189,0.5714285714285714,0.06896551724137931,0.26666666666666666,0.7619047619047619,0.7,0.16,0.5,0.0,0.48800000000000016,0.4056250000000001,0.0,0.5714285714285714,0.5,0.0,0.0,0.38778727272727304,0.25260312500000004,0.31381187499999996,0.0,0.5175000000000001
Ornn,The Fire Below the Mountain,Tank,Fighter,Tank,Tank,2,0.625,0.6433962264150943,0.7142857142857143,0.5172413793103449,0.6666666666666666,0.09523809523809523,0.9,0.16,0.5,1.0,0.4000000000000001,0.62875,0.9993143679901269,0.7142857142857143,0.5,1.0,0.0,0.7015151515151515,0.6579166666666665,0.6475000000000002,0.42857142857142866,0.7185714285714286
Pantheon,the Unbreakable Spear,Fighter,Assassin,Fighter,Fighter,1,0.6,0.5981132075471698,0.8571428571428571,0.7586206896551724,0.4,0.09523809523809523,0.6,0.147,0.5,0.8,0.48800000000000016,0.6093749999999999,0.7999040115186179,0.8571428571428571,1.0,0.0,0.0,0.7117266666666666,0.6021864583333332,0.6050618749999999,0.0,0.7767857142857142
Poppy,Keeper of the Hammer,Tank,Fighter,Tank,Tank,2,0.5,0.5283018867924528,0.8571428571428571,0.5862068965517241,0.6666666666666666,0.0,0.8,0.14,0.5,0.64,0.48800000000000016,0.5075000000000002,0.6399232092148945,0.8571428571428571,0.5,1.0,0.0,0.6206660606060611,0.4711447916666667,0.4869368750000003,0.42857142857142866,0.7207142857142859
Pyke,the Bloodharbor Ripper,Support,Assassin,Support,Support,2,0.65,0.7830188679245284,0.6428571428571429,0.8620689655172413,0.6666666666666666,0.047619047619047616,0.7,0.16,0.5,0.72,0.5120000000000001,0.6725000000000001,0.7200678775689775,0.6428571428571429,0.5,0.6666666666666664,1.0,0.6809854545454544,0.6528395833333334,0.6623704166666669,1.0,0.7071428571428574
Qiyana,Empress of the Elements,Assassin,Fighter,Assassin,Assassin,3,0.45,0.7075471698113207,0.7142857142857143,0.4482758620689655,0.6666666666666666,0.047619047619047616,0.8,0.16,0.5,0.88,0.568,0.45000000000000007,0.8804086366778844,0.7142857142857143,0.0,0.0,0.0,0.5589024242424242,0.4574885416666666,0.45449312500000005,0.0,0.6142857142857147
Quinn,Demacia's Wings,Marksman,Assassin,Marksman,Marksman,2,0.3875,0.5075471698113208,0.6428571428571429,0.3448275862068966,0.5333333333333333,0.7619047619047619,0.55,0.14,0.5,0.6,0.5146666666666668,0.37812500000000004,0.6000994166414317,0.6428571428571429,0.5,0.0,0.0,0.4541690909090909,0.3345093749999998,0.35195562499999994,0.0,0.5375000000000002
Rakan,The Charmer,Support,,Support,Support,2,0.5,0.5943396226415094,0.7142857142857143,0.41379310344827586,0.6666666666666666,0.3333333333333333,0.5,0.175,0.5,0.72,0.42666666666666675,0.4981250000000002,0.7195193719610791,0.7142857142857143,0.5,0.6666666666666664,1.0,0.5768363636363639,0.4783645833333335,0.4879354166666672,1.0,0.6432142857142862
Rammus,the Armordillo,Tank,Fighter,Tank,Tank,1,0.6625,0.5849056603773585,0.7142857142857143,0.7586206896551724,0.6666666666666666,0.0,0.8,0.157,0.5,0.44,0.4826666666666668,0.6793750000000002,0.4399129247347465,0.7142857142857143,1.0,1.0,0.0,0.6789957575757581,0.6065552083333334,0.6369331250000004,0.42857142857142866,0.7475000000000002
Rek'Sai,the Void Burrower,Fighter,Tank,Fighter,Fighter,2,0.475,0.18867924528301888,0.7857142857142857,0.6206896551724138,0.6666666666666666,0.09523809523809523,0.25,0.0,0.5,0.56,0.5120000000000001,0.4843750000000003,0.5600870752652537,0.7857142857142857,0.5,0.0,0.0,0.5726521212121215,0.4334645833333333,0.45382875,0.0,0.6696428571428574
Rell,the Iron Maiden,Tank,Support,Tank,Tank,2,0.525,0.6037735849056604,0.42857142857142855,0.41379310344827586,0.4,0.09523809523809523,0.75,0.14,0.5,0.44,0.4000000000000001,0.5156249999999999,0.43938155992709466,0.42857142857142855,0.5,1.0,0.0,0.46893939393939355,0.44270833333333315,0.473125,0.42857142857142866,0.5110714285714284
Renata Glasc,the Chem-Baroness,Support,Mage,Support,Support,2,0.3375,0.660377358490566,0.6428571428571429,0.3103448275862069,0.5333333333333333,0.8095238095238095,0.55,0.23,0.5,0.2,0.4000000000000001,0.32625,0.1994103564715092,0.6428571428571429,0.5,0.6666666666666664,1.0,0.3739393939393938,0.21166666666666695,0.259166666666667,1.0,0.5092857142857147
Renekton,the Butcher of the Sands,Fighter,Tank,Fighter,Fighter,1,0.625,0.18867924528301888,0.8571428571428571,0.5862068965517241,0.4,0.0,0.8,0.0,0.5,1.0,0.5066666666666668,0.6249999999999999,1.0,0.8571428571428571,1.0,0.0,0.0,0.7443151515151513,0.6542916666666664,0.6425750000000001,0.0,0.7857142857142856
Rengar,the Pridestalker,Assassin,Fighter,Assassin,Assassin,2,0.45,0.007547169811320755,0.8571428571428571,0.5517241379310345,0.6666666666666666,0.0,0.6,0.0,0.5,0.96,0.5120000000000001,0.45562499999999995,0.9600390810245625,0.8571428571428571,0.5,0.0,0.0,0.6168945454545456,0.4776312499999998,0.46882874999999996,0.0,0.6889285714285714
Riven,the Exile,Fighter,Assassin,Fighter,Fighter,2,0.55,0.0,0.7857142857142857,0.5172413793103449,0.6666666666666666,0.0,0.85,0.0,0.5,0.8,0.4000000000000001,0.5537500000000001,0.7993383651104724,0.7857142857142857,0.5,0.0,0.0,0.6484848484848486,0.5464583333333333,0.5493750000000003,0.0,0.7092857142857146
Rumble,the Mechanized Menace,Fighter,Mage,Fighter,Fighter,2,0.6125,0.2830188679245283,0.8571428571428571,0.6206896551724138,0.4,0.0,0.7,0.0,0.5,0.8,0.45066666666666677,0.614375,0.799664040315162,0.8571428571428571,0.5,0.0,0.0,0.715337575757576,0.6071427083333334,0.610035625,0.0,0.7796428571428575
Ryze,the Rune Mage,Mage,Fighter,Mage,Mage,2,0.5875,0.5660377358490566,0.7857142857142857,0.13793103448275862,0.6666666666666666,0.8095238095238095,0.8,0.16,0.5,0.56,0.48800000000000016,0.5706250000000004,0.5599328080630324,0.7857142857142857,0.5,0.0,0.0,0.6353630303030303,0.5196864583333336,0.5400618750000002,0.0,0.7189285714285716
Samira,the Desert Rose,Marksman,Assassin,Marksman,Marksman,2,0.55,0.6584905660377358,0.7142857142857143,0.27586206896551724,0.5333333333333333,0.7142857142857143,0.325,0.16399999999999998,0.5,0.52,0.48800000000000016,0.5368750000000001,0.5199376074871017,0.7142857142857143,0.5,0.0,0.0,0.5838478787878791,0.4786447916666667,0.5019368750000001,0.0,0.6639285714285714
Sejuani,Fury of the North,Tank,Fighter,Tank,Tank,2,0.55,0.7547169811320755,0.7857142857142857,0.5517241379310345,0.6666666666666666,0.047619047619047616,0.85,0.14,0.5,0.88,0.568,0.5556250000000001,0.8804086366778844,0.7857142857142857,0.5,1.0,0.0,0.6584478787878791,0.5631135416666668,0.5613681250000003,0.42857142857142866,0.7125000000000005
Senna,the Redeemer,Support,Marksman,Support,Support,2,0.3,0.660377358490566,0.6428571428571429,0.2413793103448276,0.5333333333333333,0.9047619047619048,0.35,0.23,0.5,0.24,0.4000000000000001,0.28500000000000003,0.23940555704744026,0.6428571428571429,0.5,0.6666666666666664,1.0,0.3481818181818182,0.1777083333333334,0.22229166666666705,1.0,0.48571428571428626
Seraphine,the Starry-Eyed Songstress,Support,Mage,Support,Support,1,0.4,0.6792452830188679,0.6428571428571429,0.27586206896551724,0.5333333333333333,0.7619047619047619,0.65,0.23,0.5,0.24,0.5173333333333335,0.3868750000000001,0.24015975225830052,0.6428571428571429,1.0,0.6666666666666664,1.0,0.4223527272727275,0.27972083333333325,0.3242491666666669,1.0,0.5439285714285719
Sett,the Boss,Fighter,Tank,Fighter,Fighter,2,0.65,0.0,0.7857142857142857,0.5172413793103449,0.4,0.0,0.7,0.0,0.5,0.64,0.4000000000000001,0.6462499999999998,0.639357562806749,0.7857142857142857,0.5,0.0,0.0,0.6987878787878787,0.6097916666666665,0.6243749999999999,0.0,0.7621428571428571
Shaco,the Demon Jester,Assassin,,Assassin,Assassin,2,0.55,0.560377358490566,0.8571428571428571,0.41379310344827586,0.6666666666666666,0.0,0.85,0.12,0.5,0.76,0.584,0.5481250000000002,0.7605258797515724,0.8571428571428571,0.5,0.0,0.0,0.6630042424242425,0.5337572916666669,0.539504375,0.0,0.7417857142857145
Shen,the Eye of Twilight,Tank,,Tank,Tank,2,0.5,0.7547169811320755,0.7857142857142857,0.5517241379310345,0.6666666666666666,0.0,0.85,1.0,0.5,0.8,0.7360000000000001,0.5056250000000001,0.8014981059415726,0.7857142857142857,0.5,1.0,0.0,0.6137139393939397,0.49872708333333327,0.50273625,0.42857142857142866,0.6839285714285714
Shyvana,the Half-Dragon,Fighter,Mage,Fighter,Fighter,1,0.6375,0.18867924528301888,0.9285714285714286,0.6896551724137931,0.6666666666666666,0.0,0.85,0.0,0.5,0.88,0.48800000000000016,0.6506250000000001,0.8798944126704795,0.9285714285714286,1.0,0.0,0.0,0.7729387878787878,0.6580197916666667,0.6550618749999999,0.0,0.8360714285714289
Singed,the Mad Chemist,Tank,Mage,Tank,Tank,2,0.6,0.6226415094339622,0.8571428571428571,0.5517241379310345,0.6666666666666666,0.0,0.95,0.15,0.5,0.76,0.4000000000000001,0.6056250000000002,0.7593431645345414,0.8571428571428571,0.5,1.0,0.0,0.7046969696969698,0.5910416666666667,0.598125,0.42857142857142866,0.7767857142857146
Sion,The Undead Juggernaut,Tank,Fighter,Tank,Tank,1,0.6125,0.7547169811320755,0.8571428571428571,0.6206896551724138,0.6666666666666666,0.09523809523809523,0.9,0.16,0.5,0.96,0.5440000000000002,0.6218750000000003,0.9602447706275243,0.8571428571428571,1.0,1.0,0.0,0.7378254545454546,0.6439187500000003,0.6363512500000005,0.42857142857142866,0.7860714285714292
Sivir,the Battle Mistress,Marksman,,Marksman,Marksman,2,0.475,0.6415094339622641,0.7142857142857143,0.41379310344827586,0.5333333333333333,0.7142857142857143,0.325,0.12,0.5,0.64,0.4000000000000001,0.46937500000000004,0.639357562806749,0.7142857142857143,0.5,0.0,0.0,0.5474242424242421,0.4329166666666665,0.4474999999999999,0.0,0.6253571428571428
Skarner,the Primordial Sovereign,Tank,Fighter,Tank,Tank,2,0.55,0.6037735849056604,0.7142857142857143,0.5172413793103449,0.6666666666666666,0.047619047619047616,0.75,0.14400000000000002,0.5,0.76,0.4000000000000001,0.5537500000000001,0.7593431645345414,0.7142857142857143,0.5,1.0,0.0,0.6215151515151519,0.5391666666666667,0.5462500000000001,0.42857142857142866,0.6757142857142862
Smolder,the Fiery Fledgling,Marksman,Mage,Marksman,Marksman,2,0.4125,0.5660377358490566,0.6428571428571429,0.27586206896551724,0.5333333333333333,0.8095238095238095,0.45,0.17,0.5,0.64,0.43466666666666676,0.3993750000000001,0.639580393209958,0.6428571428571429,0.5,0.0,0.0,0.47381151515151526,0.36295729166666696,0.37752437500000025,0.0,0.5496428571428574
Sona,Maven of the Strings,Support,Mage,Support,Support,1,0.35,0.6415094339622641,0.5714285714285714,0.27586206896551724,0.5333333333333333,0.8095238095238095,0.55,0.23,0.5,0.2,0.45066666666666677,0.3368750000000001,0.19973603167619877,0.5714285714285714,1.0,0.6666666666666664,1.0,0.35897393939393973,0.22235104166666697,0.26982729166666714,1.0,0.47964285714285765
Soraka,the Starchild,Support,Mage,Support,Support,1,0.4875,0.8018867924528302,0.5714285714285714,0.4827586206896552,0.5333333333333333,0.8095238095238095,0.25,0.23,0.5,0.24,0.4000000000000001,0.4856250000000002,0.23940555704744026,0.5714285714285714,1.0,0.6666666666666664,1.0,0.4713636363636363,0.3783333333333337,0.42291666666666733,1.0,0.5646428571428576
Swain,the Noxian Grand General,Mage,Support,Mage,Mage,2,0.4625,0.7547169811320755,0.6428571428571429,0.2413793103448276,0.6,0.7619047619047619,0.3,0.2,0.5,0.56,0.4000000000000001,0.44937500000000014,0.559367161654887,0.6428571428571429,0.5,0.0,0.0,0.5016666666666667,0.39833333333333326,0.41875,0.0,0.5782142857142859
Sylas,the Unshackled,Mage,Assassin,Mage,Mage,3,0.475,0.7547169811320755,0.7857142857142857,0.3793103448275862,0.6666666666666666,0.09523809523809523,0.9,0.16,0.5,0.68,0.4533333333333334,0.4712500000000001,0.6796955793876163,0.7857142857142857,0.0,0.0,0.0,0.5757939393939395,0.4421458333333331,0.4537874999999999,0.0,0.6621428571428571
Syndra,the Dark Sovereign,Mage,,Mage,Mage,2,0.3825,0.9056603773584906,0.6428571428571429,0.2413793103448276,0.5333333333333333,0.8095238095238095,0.65,0.16,0.5,0.4,0.48800000000000016,0.36750000000000016,0.39995200575930906,0.6428571428571429,0.5,0.0,0.0,0.42521151515151506,0.28739479166666676,0.3194368750000002,0.0,0.5314285714285716
Tahm Kench,The River King,Tank,Support,Tank,Tank,1,0.575,0.6132075471698113,0.7142857142857143,0.7241379310344828,0.6666666666666666,0.09523809523809523,0.65,0.16,0.5,0.48,0.48800000000000016,0.5900000000000002,0.47994240691117074,0.7142857142857143,1.0,1.0,0.0,0.6182418181818183,0.524478125,0.5519368750000001,0.42857142857142866,0.6964285714285717
Taliyah,the Stoneweaver,Mage,Support,Mage,Mage,2,0.35,0.8867924528301887,0.6428571428571429,0.0,0.5333333333333333,0.7619047619047619,0.65,0.16,0.5,0.56,0.48800000000000016,0.3218750000000001,0.5599328080630324,0.6428571428571429,0.5,0.0,0.0,0.40899939393939394,0.27093645833333296,0.291311875,0.0,0.5053571428571428
Talon,the Blade's Shadow,Assassin,,Assassin,Assassin,2,0.62,0.7547169811320755,0.7142857142857143,0.41379310344827586,0.9333333333333333,0.0,0.85,0.152,0.5,0.96,0.4000000000000001,0.6256250000000001,0.9593191674141959,0.7142857142857143,0.5,0.0,0.0,0.695,0.6474999999999999,0.6387499999999998,0.0,0.7146428571428571
Taric,the Shield of Valoran,Support,Tank,Support,Support,2,0.5875,0.5660377358490566,0.7857142857142857,0.7586206896551724,0.4,0.047619047619047616,0.6,0.17,0.5,0.44,0.4000000000000001,0.5968749999999999,0.43938155992709466,0.7857142857142857,0.5,0.6666666666666664,1.0,0.6416666666666668,0.5260416666666669,0.5560416666666671,1.0,0.7353571428571434
Teemo,the Swift Scout,Marksman,Mage,Marksman,Marksman,1,0.5125,0.630188679245283,0.6428571428571429,0.20689655172413793,0.5333333333333333,0.7142857142857143,0.55,0.192,0.5,0.4,0.5733333333333333,0.495625,0.40050051136720743,0.6428571428571429,1.0,0.0,0.0,0.5184515151515151,0.4156197916666667,0.4476218750000001,0.0,0.6046428571428571
Thresh,the Chain Warden,Support,Tank,Support,Support,3,0.525,0.5169811320754717,0.6428571428571429,0.5172413793103449,0.5333333333333333,0.6190476190476191,0.7,0.12,0.5,0.48,0.4000000000000001,0.5249999999999999,0.4793767605030253,0.6428571428571429,0.0,0.6666666666666664,1.0,0.5481818181818181,0.4614583333333333,0.4885416666666669,1.0,0.6228571428571431
Tristana,the Yordle Gunner,Marksman,Assassin,Marksman,Marksman,1,0.575,0.5660377358490566,0.5714285714285714,0.41379310344827586,0.4,0.8095238095238095,0.4,0.14400000000000002,0.5,0.64,0.4826666666666668,0.5656249999999999,0.639888927614401,0.5714285714285714,1.0,0.0,0.0,0.5720260606060606,0.5292635416666666,0.5438081250000001,0.0,0.6089285714285716
Trundle,the Troll King,Fighter,Tank,Fighter,Fighter,1,0.6,0.6415094339622641,0.9285714285714286,0.6551724137931034,0.6666666666666666,0.09523809523809523,0.6,0.15,0.5,0.96,0.5200000000000001,0.6112500000000004,0.9600905034253031,0.9285714285714286,1.0,0.0,0.0,0.752809090909091,0.6332656250000002,0.6244593750000003,0.0,0.8135714285714291
Tryndamere,the Barbarian King,Fighter,Assassin,Fighter,Fighter,1,0.715,0.18867924528301888,0.8571428571428571,0.5172413793103449,0.6666666666666666,0.09523809523809523,0.85,0.0,0.5,0.88,0.5200000000000001,0.7187500000000003,0.8801001022734414,0.8571428571428571,1.0,0.0,0.0,0.7997787878787884,0.726182291666667,0.7232093750000003,0.0,0.8392857142857147
Twisted Fate,the Card Master,Mage,Marksman,Mage,Mage,2,0.485,0.6283018867924528,0.6428571428571429,0.10344827586206896,0.5333333333333333,0.7619047619047619,0.55,0.16,0.5,0.32,0.4000000000000001,0.46250000000000024,0.31939595819930194,0.6428571428571429,0.5,0.0,0.0,0.485757575757576,0.3677083333333336,0.40562500000000007,0.0,0.5857142857142857
Twitch,the Plague Rat,Marksman,Assassin,Marksman,Marksman,2,0.55,0.5660377358490566,0.6428571428571429,0.3103448275862069,0.5333333333333333,0.8095238095238095,0.375,0.145,0.5,0.6,0.5440000000000002,0.5387500000000002,0.6002879654441466,0.6428571428571429,0.5,0.0,0.0,0.5710072727272728,0.4951687500000002,0.5126012500000002,0.0,0.6292857142857142
Udyr,the Spirit Walker,Fighter,Tank,Fighter,Fighter,1,0.635,0.5113207547169811,0.9285714285714286,0.4482758620689655,0.6666666666666666,0.0,0.6,0.15,0.5,0.72,0.4666666666666668,0.6350000000000005,0.7197764839647814,0.9285714285714286,1.0,0.0,0.0,0.7445909090909094,0.6132031250000003,0.6219218750000004,0.0,0.8271428571428574
Urgot,the Dreadnought,Fighter,Tank,Fighter,Fighter,2,0.6125,0.6415094339622641,0.6428571428571429,0.6206896551724138,0.6666666666666666,0.42857142857142855,0.75,0.145,0.5,0.76,0.4000000000000001,0.6218750000000003,0.7593431645345414,0.6428571428571429,0.5,0.0,0.0,0.6483333333333335,0.607291666666667,0.6131250000000004,0.0,0.6767857142857148
Varus,the Arrow of Retribution,Marksman,Mage,Marksman,Marksman,2,0.475,0.6037735849056604,0.6428571428571429,0.3103448275862069,0.5333333333333333,0.8571428571428571,0.35,0.16,0.5,0.6,0.48800000000000016,0.46375000000000016,0.5999280086389635,0.6428571428571429,0.5,0.0,0.0,0.5164236363636369,0.42010312500000024,0.4375618750000002,0.0,0.5864285714285717
Vayne,the Night Hunter,Marksman,Assassin,Marksman,Marksman,2,0.35,0.4377358490566038,0.6428571428571429,0.1724137931034483,0.5333333333333333,0.8095238095238095,0.35,0.14,0.5,0.64,0.48800000000000016,0.33125000000000004,0.6399232092148945,0.6428571428571429,0.5,0.0,0.0,0.4243024242424241,0.29489479166666643,0.30943687500000006,0.0,0.5107142857142859
Veigar,the Tiny Master of Evil,Mage,,Mage,Mage,2,0.425,0.9245283018867925,0.7857142857142857,0.0,0.6666666666666666,0.8095238095238095,0.65,0.16,0.5,0.32,0.4000000000000001,0.400625,0.31939595819930194,0.7857142857142857,0.5,0.0,0.0,0.4862121212121215,0.3058333333333333,0.3437499999999998,0.0,0.6217857142857145
Vel'Koz,the Eye of the Void,Mage,Support,Mage,Mage,2,0.45,0.8849056603773585,0.7857142857142857,0.13793103448275862,0.5333333333333333,0.7619047619047619,0.55,0.16,0.5,0.44,0.4480000000000001,0.429375,0.43969009433153766,0.7857142857142857,0.5,0.0,0.0,0.519881212121212,0.35651458333333325,0.38565875,0.0,0.6382142857142857
Vex,the Gloomist,Mage,,Mage,Mage,2,0.45,0.9245283018867925,0.7142857142857143,0.1724137931034483,0.4,0.8095238095238095,0.65,0.12,0.5,0.4,0.5173333333333335,0.4275000000000001,0.4001405545620239,0.7142857142857143,0.5,0.0,0.0,0.49159515151515165,0.3474291666666666,0.3794575000000001,0.0,0.6014285714285713
Vi,the Piltover Enforcer,Fighter,Assassin,Fighter,Fighter,1,0.6125,0.5566037735849056,0.7857142857142857,0.41379310344827586,0.6666666666666666,0.0,1.0,0.16,0.5,0.76,0.45066666666666677,0.6106250000000002,0.7596688397392309,0.7857142857142857,1.0,0.0,0.0,0.6856406060606065,0.5961010416666668,0.6019106250000003,0.0,0.7417857142857145
Viego,The Ruined King,Fighter,Assassin,Fighter,Fighter,3,0.55,0.0,0.8571428571428571,0.5517241379310345,0.6666666666666666,0.14285714285714285,0.7,0.0,0.5,0.52,0.48800000000000016,0.5556250000000001,0.5199376074871017,0.8571428571428571,0.0,0.0,0.0,0.6429387878787879,0.4973947916666668,0.5206868750000001,0.0,0.7460714285714289
Viktor,the Herald of the Arcane,Mage,,Mage,Mage,3,0.475,0.7641509433962265,0.7142857142857143,0.1724137931034483,0.5333333333333333,0.7619047619047619,0.8,0.16,0.5,0.36,0.48800000000000016,0.4562500000000001,0.35995680518337797,0.7142857142857143,0.0,0.0,0.0,0.5082418181818184,0.36885312500000006,0.4038118749999998,0.0,0.6178571428571431
Vladimir,the Crimson Reaper,Mage,Fighter,Mage,Mage,2,0.4925,0.0037735849056603774,0.6428571428571429,0.3103448275862069,0.5333333333333333,0.6190476190476191,0.7,0.0,0.5,0.44,0.48800000000000016,0.4812499999999999,0.4399472063352401,0.6428571428571429,0.5,0.0,0.0,0.5121812121212121,0.4084364583333329,0.43756187499999993,0.0,0.5964285714285713
Volibear,the Relentless Storm,Fighter,Tank,Fighter,Fighter,1,0.6,0.660377358490566,0.7857142857142857,0.4482758620689655,0.6666666666666666,0.047619047619047616,0.9,0.125,0.5,0.64,0.4000000000000001,0.6000000000000003,0.639357562806749,0.7857142857142857,1.0,0.0,0.0,0.6651515151515155,0.5635416666666668,0.5781250000000002,0.0,0.7357142857142859
Warwick,the Uncaged Wrath of Zaun,Fighter,Tank,Fighter,Fighter,1,0.525,0.5283018867924528,0.7142857142857143,0.5172413793103449,0.6666666666666666,0.0,0.4,0.149,0.5,0.64,0.43466666666666676,0.52875,0.639580393209958,0.7142857142857143,1.0,0.0,0.0,0.5906296969696968,0.4923322916666666,0.5068993750000002,0.0,0.6592857142857144
Wukong,the Monkey King,Fighter,Tank,Fighter,Fighter,1,0.5,0.6226415094339622,0.7857142857142857,0.4482758620689655,0.4,0.09523809523809523,0.35,0.16,0.5,0.88,0.5733333333333333,0.4925,0.880442918278378,0.7857142857142857,1.0,0.0,0.0,0.6125424242424239,0.4999947916666663,0.49699687499999995,0.0,0.6742857142857145
Xayah,the Rebel,Marksman,,Marksman,Marksman,2,0.55,0.6415094339622641,0.6428571428571429,0.2413793103448276,0.5333333333333333,0.7619047619047619,0.325,0.165,0.5,0.64,0.48800000000000016,0.535,0.6399232092148945,0.6428571428571429,0.5,0.0,0.0,0.5724842424242428,0.49864479166666653,0.5131868750000002,0.0,0.627142857142857
Xerath,the Magus Ascendant,Mage,Support,Mage,Mage,2,0.465,0.7547169811320755,0.7857142857142857,0.13793103448275862,0.5333333333333333,0.7619047619047619,0.55,0.13699999999999998,0.5,0.44,0.48800000000000016,0.444375,0.4399472063352401,0.7857142857142857,0.5,0.0,0.0,0.5308175757575762,0.37156145833333326,0.4006868750000003,0.0,0.6467857142857146
Xin Zhao,the Seneschal of Demacia,Fighter,Tank,Fighter,Fighter,1,0.575,0.5169811320754717,0.8571428571428571,0.5862068965517241,0.6666666666666666,0.09523809523809523,0.8,0.145,0.5,0.76,0.4533333333333334,0.5825000000000002,0.759685980539478,0.8571428571428571,1.0,0.0,0.0,0.6879151515151514,0.5679791666666667,0.5737875000000001,0.0,0.7614285714285716
Yasuo,the Unforgiven,Fighter,Assassin,Fighter,Fighter,3,0.45,0.18867924528301888,0.8571428571428571,0.4827586206896552,0.6666666666666666,0.09523809523809523,0.65,0.0,0.5,0.64,0.592,0.45187499999999997,0.6405917004245206,0.8571428571428571,0.0,0.0,0.0,0.5802824242424242,0.4156416666666665,0.43013499999999977,0.0,0.6867857142857142
Yone,the Unforgotten,Fighter,Assassin,Fighter,Fighter,3,0.525,0.9433962264150944,0.8571428571428571,0.5172413793103449,0.6666666666666666,0.09523809523809523,0.75,0.0,0.5,0.64,0.4000000000000001,0.52875,0.639357562806749,0.8571428571428571,0.0,0.0,0.0,0.6360606060606062,0.49229166666666674,0.5068750000000001,0.0,0.7307142857142859
Yorick,Shepherd of Souls,Fighter,Tank,Fighter,Fighter,2,0.6,0.5660377358490566,0.7857142857142857,0.7241379310344828,0.6666666666666666,0.09523809523809523,0.8,0.15,0.5,0.72,0.4000000000000001,0.6150000000000001,0.7193479639586108,0.7857142857142857,0.5,0.0,0.0,0.6845454545454546,0.5931250000000001,0.6018750000000002,0.0,0.7442857142857143
Yuumi,the Magical Cat,Support,Mage,Support,Support,1,0.225,0.8301886792452831,0.6428571428571429,0.2413793103448276,0.2,0.5714285714285714,0.5,0.2,0.5,0.2,0.4000000000000001,0.200625,0.1994103564715092,0.6428571428571429,1.0,0.6666666666666664,1.0,0.28257575757575776,0.08604166666666689,0.13354166666666692,1.0,0.4375000000000002
Zac,the Secret Weapon,Tank,Fighter,Tank,Tank,1,0.6875,0.0,0.7857142857142857,0.5172413793103449,0.6666666666666666,0.09523809523809523,0.5,0.0,0.5,0.64,0.6960000000000001,0.6912500000000001,0.6412601916341467,0.7857142857142857,1.0,1.0,0.0,0.7317169696969695,0.6551385416666666,0.6708331250000001,0.42857142857142866,0.79
Zed,the Master of Shadows,Assassin,,Assassin,Assassin,3,0.61,0.37735849056603776,0.8571428571428571,0.4827586206896552,0.4666666666666667,0.0,0.7,1.0,0.5,0.76,0.46933333333333344,0.6062500000000003,0.7597888253409592,0.8571428571428571,0.0,0.0,0.0,0.7051987878787884,0.591747916666667,0.5975487500000004,0.0,0.7750000000000005
Zeri,The Spark of Zaun,Marksman,,Marksman,Marksman,2,0.475,0.4716981132075472,0.6428571428571429,0.20689655172413793,0.5333333333333333,0.7142857142857143,0.325,0.12,0.5,0.48,0.48800000000000016,0.45812499999999995,0.47994240691117074,0.6428571428571429,0.5,0.0,0.0,0.49960545454545485,0.39260312500000005,0.4188118750000001,0.0,0.5832142857142859
Ziggs,the Hexplosives Expert,Mage,,Mage,Mage,2,0.49,0.9056603773584906,0.5714285714285714,0.10344827586206896,0.5333333333333333,0.8095238095238095,0.65,0.16,0.5,0.44,0.4826666666666668,0.4675000000000003,0.4399129247347465,0.5714285714285714,0.5,0.0,0.0,0.4794503030303033,0.39468020833333367,0.4238081250000006,0.0,0.5528571428571433
Zilean,the Chronokeeper,Support,Mage,Support,Support,2,0.41,0.8528301886792453,0.7142857142857143,0.20689655172413793,0.5333333333333333,0.8095238095238095,0.55,0.22699999999999998,0.5,0.32,0.48800000000000016,0.3931250000000001,0.3199616046074473,0.7142857142857143,0.5,0.6666666666666664,1.0,0.4580903030303032,0.30051979166666665,0.3392285416666669,1.0,0.5832142857142859
Zoe,the Aspect of Twilight,Mage,Support,Mage,Mage,3,0.55,0.8018867924528302,0.7857142857142857,0.10344827586206896,0.5333333333333333,0.8095238095238095,0.75,0.16,0.5,0.56,0.48800000000000016,0.5275000000000001,0.5599328080630324,0.7857142857142857,0.0,0.0,0.0,0.6039993939393941,0.47656145833333313,0.4969368750000001,0.0,0.6942857142857145
Zyra,Rise of the Thorns,Mage,Support,Mage,Mage,2,0.41,0.7886792452830189,0.7857142857142857,0.3793103448275862,0.5333333333333333,0.8571428571428571,0.55,0.14,0.5,0.36,0.5493333333333336,0.4025000000000001,0.3603510435890551,0.7857142857142857,0.5,0.0,0.0,0.4919199999999999,0.3151750000000001,0.35010499999999994,0.0,0.6228571428571431
